{
    "eladott_ruhak": {
        "2024-Apr-21, 18:46": [
            {
                "ruhanev": "Mupa pulóver",
                "ar": "9.999",
                "db": 1
            },
            {
                "ruhanev": "Simple pulóver",
                "ar": "4.999",
                "db": 1
            }
        ],
        "2024-Apr-21, 18:50": [
            {
                "ruhanev": "Simple pulóver",
                "ar": "4.999",
                "db": 1
            },
            {
                "ruhanev": "Q&W",
                "ar": "19.999",
                "db": "2"
            }
        ]
    }
}