{
    "eladott_ruhak": [
        {
            "ruhanev": "Simple pulóver",
            "ar": "4.999",
            "db": 18
        },
        {
            "ruhanev": "Mupa pulóver",
            "ar": "9.999",
            "db": 16
        },
        {
            "ruhanev": "Emoji pulóver",
            "ar": "11.999",
            "db": 10
        },
        {
            "ruhanev": "Q&W",
            "ar": "19.999",
            "db": 7
        },
        {
            "ruhanev": "Dzseki 1",
            "ar": "7.999",
            "db": 1
        }
    ]
}