{
    "users": [
        {
            "username": "ADMIN",
            "signup_email": "admin@admin.hu",
            "password": "$2y$10$cv.9R6zRQGipfsrBMPnJF.6BjkHnMVIhf5dgrl1yKxLNehRWB0Nn6",
            "date_of_birth": "1111-11-11",
            "sex": "F"
        },
        {
            "username": "erik",
            "signup_email": "erik@gmail.com",
            "password": "$2y$10$hPytimHg58TDGfGGRfH1wOBndDxEXOjJugcz1iaXHlIrzniSmQtGS",
            "date_of_birth": "1111-11-11",
            "sex": "F"
        },
        {
            "username": "norbi",
            "signup_email": "norbi@gmail.com",
            "password": "$2y$10$7oDQRi.lVe7yFFCeXGsvqeWQyliayWAIByZ0dULc9Puby1eIeTAsu",
            "date_of_birth": "1111-11-11",
            "sex": "F"
        },
        {
            "username": "test",
            "signup_email": "test@gmail.com",
            "password": "$2y$10$oaL7DT7seVlqp.xOLtNrvueQU6\/n0xZ5eCiR1.xUtMCY\/KDWiGnou",
            "date_of_birth": "1111-11-11",
            "sex": "N"
        },
        {
            "username": "janos",
            "signup_email": "janos@gmail.com",
            "password": "$2y$10$G3OrmyXEBQPraJ70qVgyseren9BLSJQB7XRDaQ0tBUc7hdCVNBHpC",
            "date_of_birth": "1111-11-11",
            "sex": "F"
        },
        {
            "username": "uj",
            "signup_email": "test@test.hu",
            "password": "$2y$10$Grj\/Su13W938QeXuYAUOEO3cj9hKUEylyn6gD4m\/z8wR74BQRh8la",
            "date_of_birth": "1111-11-11",
            "sex": "F"
        }
    ]
}